Region,Variant,Position,Residue,BFactor
Part1,WT,104,P,69.21
Part1,WT,105,K,62.71
Part1,WT,106,L,58.68
Part1,WT,107,Y,53.51
Part1,WT,108,V,49.40
Part1,WT,109,W,49.84
Part1,WT,110,A,48.29
Part1,WT,111,K,54.18
Part1,WT,112,D,51.50
Part1,WT,113,R,47.15
Part1,WT,114,P,46.88
Part1,WT,115,E,48.88
Part1,WT,116,I,54.14
Part1,Δex2,36,P,0.61
Part1,Δex2,37,K,0.64
Part1,Δex2,38,L,0.65
Part1,Δex2,39,Y,0.67
Part1,Δex2,40,V,0.69
Part1,Δex2,41,W,0.55
Part1,Δex2,42,A,0.70
Part1,Δex2,43,K,0.68
Part1,Δex2,44,D,0.59
Part1,Δex2,45,R,0.64
Part1,Δex2,46,P,0.70
Part1,Δex2,47,E,0.67
Part1,Δex2,48,I,0.72
Part2,WT,154,W,49.92
Part2,WT,155,T,49.40
Part2,WT,156,H,47.71
Part2,WT,157,V,46.51
Part2,WT,158,H,47.49
Part2,WT,159,P,46.73
Part2,WT,160,K,46.31
Part2,WT,161,G,43.08
Part2,WT,162,P,43.98
Part2,WT,163,K,47.40
Part2,WT,164,S,47.05
Part2,Δex2,96,W,0.76
Part2,Δex2,97,T,0.82
Part2,Δex2,98,H,0.81
Part2,Δex2,99,V,0.82
Part2,Δex2,100,H,0.79
Part2,Δex2,101,P,0.75
Part2,Δex2,102,K,0.64
Part2,Δex2,103,G,0.88
Part2,Δex2,104,P,0.88
Part2,Δex2,105,K,0.81
Part2,Δex2,106,S,0.81
