Region,Variant,Position,Residue,Fluctuation_Angstrom
Part1,WT,153,P,675.521
Part1,WT,154,K,619.378
Part1,WT,155,L,610.156
Part1,WT,156,Y,528.456
Part1,WT,157,V,548.186
Part1,WT,158,W,494.079
Part1,WT,159,A,549.511
Part1,WT,160,K,532.744
Part1,WT,161,D,429.408
Part1,WT,162,R,416.026
Part1,WT,163,P,437.480
Part1,WT,164,E,532.355
Part1,WT,165,I,591.765
Part1,Δex2,63,P,497.382
Part1,Δex2,64,K,509.907
Part1,Δex2,65,L,477.351
Part1,Δex2,66,Y,497.037
Part1,Δex2,67,V,506.104
Part1,Δex2,68,W,553.520
Part1,Δex2,69,A,614.640
Part1,Δex2,70,K,696.438
Part1,Δex2,71,D,724.195
Part1,Δex2,72,R,662.022
Part1,Δex2,73,P,580.666
Part1,Δex2,74,E,582.969
Part1,Δex2,75,I,555.009
Part2,WT,213,W,193.200
Part2,WT,214,T,207.529
Part2,WT,215,H,224.577
Part2,WT,216,V,276.879
Part2,WT,217,H,311.428
Part2,WT,218,P,374.549
Part2,WT,219,K,339.286
Part2,WT,220,G,291.609
Part2,WT,221,P,249.535
Part2,WT,222,K,203.217
Part2,WT,223,S,179.856
Part2,Δex2,123,W,726.496
Part2,Δex2,124,T,712.144
Part2,Δex2,125,H,624.304
Part2,Δex2,126,V,628.722
Part2,Δex2,127,H,599.357
Part2,Δex2,128,P,628.475
Part2,Δex2,129,K,703.005
Part2,Δex2,130,G,749.569
Part2,Δex2,131,P,746.187
Part2,Δex2,132,K,762.031
Part2,Δex2,133,S,813.365
