Region,Variant,Position,Residue,RMSF_Angstrom
Part1,WT,153,P,0.475
Part1,WT,154,K,0.470
Part1,WT,155,L,0.470
Part1,WT,156,Y,0.465
Part1,WT,157,V,0.466
Part1,WT,158,W,0.464
Part1,WT,159,A,0.465
Part1,WT,160,K,0.464
Part1,WT,161,D,0.460
Part1,WT,162,R,0.462
Part1,WT,163,P,0.462
Part1,WT,164,E,0.465
Part1,WT,165,I,0.467
Part1,Δex2,63,P,0.597
Part1,Δex2,64,K,0.591
Part1,Δex2,65,L,0.589
Part1,Δex2,66,Y,0.584
Part1,Δex2,67,V,0.585
Part1,Δex2,68,W,0.584
Part1,Δex2,69,A,0.583
Part1,Δex2,70,K,0.582
Part1,Δex2,71,D,0.578
Part1,Δex2,72,R,0.575
Part1,Δex2,73,P,0.578
Part1,Δex2,74,E,0.582
Part1,Δex2,75,I,0.585
Part2,WT,213,W,0.453
Part2,WT,214,T,0.454
Part2,WT,215,H,0.455
Part2,WT,216,V,0.456
Part2,WT,217,H,0.457
Part2,WT,218,P,0.460
Part2,WT,219,K,0.458
Part2,WT,220,G,0.458
Part2,WT,221,P,0.456
Part2,WT,222,K,0.454
Part2,WT,223,S,0.453
Part2,Δex2,123,W,0.542
Part2,Δex2,124,T,0.549
Part2,Δex2,125,H,0.552
Part2,Δex2,126,V,0.558
Part2,Δex2,127,H,0.566
Part2,Δex2,128,P,0.571
Part2,Δex2,129,K,0.564
Part2,Δex2,130,G,0.564
Part2,Δex2,131,P,0.558
Part2,Δex2,132,K,0.553
Part2,Δex2,133,S,0.548
